Title;Photo;Address;Latitude;Longitude;Description
title1;photo1;address1;45°24′21″N;11°52′41″E;descrizione1
"Angelo Beolco";beolco;"Loggia e Odeo Cornaro, Via Cesarotti 37, Padova";45.402591;11.882384;"Angelo Beolco detto Ruzzante o Ruzante (Padova, o forse Pernumia, 1496? – Padova, 1542), figlio naturale del medico Giovan Francesco Beolco, professore presso la facoltà dimedicina dell’Università di Padova, fu un famoso attore e drammaturgo, che recitava in prima persona i propri testi, spesso nella loggia (la foto della pagina successiva mostra la Loggia e l’Odeo Cornaro) dell’amico Alvise Cornaro, ricco proprietario terriero e letterato, in via Cesarotti. Ruzante, il personaggio interpretato da Beolco, è un contadino veneto che si esprime in pavano, il dialetto padovano dell’epoca."
"Tomba di Antenore";tomba_antenore1;"Piazza di Antenore, Padova";45.406231;11.878208;"Antenore è il mitico fondatore di Padova secondo la tradizione greco-romana. Nell’Iliade Antenore è un nobile saggio troiano che dapprima cerca di evitare lo scontro con i Greci, favorendo le trattative con Menelao e Ulisse, e successivamente sollecita la restituzione di Elena al suo sposo greco per porre fine alla guerra. Testi posteriori raccontano del suo viaggio nel Mediterraneo dopo la distruzione di Troia, dell’approdo sui lidi veneti e della fondazione di Padova, quale nuova patria dei troiani sopravvissuti."
"Epigrafe al ponte delle Torricelle";ponte_torricelle;"Via Roma 126, Padova";45.403435;11.875699;"Questa epigrafe si trovava originariamente sulla Porta delle Torricelle quando fu eretta nel 1210. Quando la Porta fu abbattuta, nel 1819, la lapide fu inserita in una casa, per poi trovare l’attuale collocazione in via Roma. L’epigrafe è incisa su pietra di Nanto e collocata sotto un’altra lapide che ricorda l’ingresso in città di Ezzelino da Romano nel 1237. Il testo latino in dieci esametri fu dettato da Giovanni Valdetaro, grammatico al seguito del podestà in carica, Giacomo Landi da Piacenza, come attestazione ufficiale del Comune padovano. La traduzione dice: “Il nobiluomo Giacomo Landi, nativo di Piacenza, meritatamente Podestà di Padova, nel 1210 adornò la città di mura e di una porta verso mezzogiorno. O figli di Antenore, se volete essere sicuri dal nemico di fuori la Pace vi leghi all’interno con un muro di amore. Invano si cerca l’ombra sotto un albero frondoso se un acuto morbo ci rode le viscere interne. Affinché la fatica e le spese del muro non siano sprecate ascoltate il consiglio del vostro vate Giovanni” La scritta si riferisce alla costruzione di una nuova parte di mura cittadine che collegavano la Porta al Castello correndo lungo il naviglio in sostituzione delle precedenti. L’accorato invito delle autorità comunali alla concordia dei cittadini viene espresso in un periodo di grandi mutamenti sociali e politici, con frequenti divisioni interne e scontri violenti. È nota solo un’altra iscrizione di contenuto simile della stessa epoca, nella città di Brema."
"Sant'Antonio";san_antonio;Piazza del Santo 11, Padova";45.401658;11.881149;"La figura di Sant’Antonio è notissima in tutto il mondo: era considerato santo già in vita e infatti fu canonizzato a meno di un anno dalla sua morte. Nato a Lisbona probabilmente nel 1195 e morto a Padova il 13 giugno 1231, è santo patrono oltre che della città di Padova anche del Portogallo e del Brasile. Divenuto francescano operò e predicò nel nord Italia ed in Francia negli ultimi 7 anni della sua vita. Si oppose sempre alla violenza e in ogni occasione cercò di dirimere liti e controversie. Nel maggio del 1231 Antonio osò presentarsi disarmato al potente Ezzelino III da Romano, vicario imperiale che governava Verona, per chiedere di liberare un suo avversario politico nonché cognato, il conte Rizzardo, che Ezzelino aveva fatto imprigionare, ma non riuscì ad ottenerne la liberazione. Maggior successo ebbe invece a Padova, poco prima della sua morte, perché ottenne dal Comune un’attenuazione della dura legge sui debitori insolventi, che sostanzialmente colpiva i più poveri, costringendoli alla detenzione: «su istanza del venerabile frate Antonio dell’ordine dei frati Minori», si stabilì che più nessuno fosse incarcerato per debiti non pagati purché disposto a cedere i suoi beni. La sua figura ha ispirato, nel corso dei secoli, l’opera di moltissime altre persone che hanno saputo perpetuarne lo spirito (vedi anche scheda su Padre Cortese). La Basilica che custodisce le spoglie del Santo, iniziata nel XIII secolo e sostanzialmente conclusa nel 1310, subì il rifacimento della zona absidale nel XV secolo e ampliamenti e rifacimenti nel Seicento e nel Settecento. La foto in alto a sinistra rappresenta il dipinto “S. Antonio restituisce la pace ai padovani”, opera di Gian Antonio Requesta, detto Corona, collocato nella Scoletta del Santo. La foto in basso a sinistra rappresenta un particolare del dipinto “Sant’Antonio affronta il tiranno Ezzelino da Romano” di Pietro Annigoni, collocato nella Cappella delle benedizioni della Basilica del Santo."
"Marsilio da Padova";via_marsilio;Via Marsilio da Padova, Padova";45.408430;11.876074;"Nato tra il 1275 e il 1280 a Padova, laureato in medicina, lavorò a Parigi come maestro di teologia e nel 1313 divenne rettore dell’Università di Parigi; visse quindi a Orléans ed Avignone. A seguito della pubblicazione della sua opera maggiore, il Defensor pacis (Difensore della Pace), che venne condannata dall’autorità ecclesiastica, si rifugiò presso la Corte di Ludovico il Bavaro a Norimberga. Visse poi a Monaco di Baviera dove scrisse il Defensor minor e dove morì nel 1342 o nel 1343. Il concetto di Pace espresso da Marsilio da Padova nel Defensor Pacis In questo trattato di diritto civile ed ecclesiastico, scritto in collaborazione con Jean de Jandun, filosofo e maestro averroista, lo Stato viene visto come un’istituzione naturale il cui scopo è quello di permettere all’uomo di raggiungere la felicità. Nella prima dictio1 del Defensor pacis, l’autore definisce il significato di alcuni termini chiave che costituiscono la struttura portante del suo discorso: la legge, la pace, lo Stato, la vita civile, ecc. Per raggiungere tale obiettivo è necessario che la pace sia salvaguardata attraverso l’eliminazione dei conflitti e lo strumento di cui si serve lo Stato per garantire tale pace è la legge. Espressione della volontà popolare, le leggi dello Stato indirizzano gli uomini verso il bene collettivo, supplendo alle carenze dell’individuo. La fonte del potere è quindi il popolo che può decidere di affidare il governo a un’autorità, un principe, che possieda la forza necessaria per garantire la pace. 1)	Defensor Pacis, I, 1: “Omni quippe regno desiderabilis debet esse tranquillitas, in qua et populi proficiunt, et utilitas gencium custoditur. Hec est enim bonarum arcium decora mater. Hec mortalium genus reparabili successione multiplicans, facultates protendit, mores excolit. Et tantarum rerum ignarus agnoscitur, qui eam minime quesisse sentitur. Cassiodorus in prima suarum epistolarum, hac serie premissa, tranquillitatis seu pacis civilium regiminum commoditates et fructus expressit, ut per hos tamquam optimos, humanum optimum, eius vite scilicet sufficienciam explicans, quam sine pace ac tranquillitate nemo consequi potest, ad pacem habendam invicem, et hunc tranquillitatem, voluntates homines excitaret” Nella foto della pagina precedente uno scorcio del Palazzo di Ezzelino, in via Marsilio da Padova."
"Francesco Petrarca";petrarca_ritratto;"Piazza Petrarca, Padova";45.412826;11.874427;"Il soggiorno padovano Alla metà del 1300 la fama di Francesco Petrarca come poeta, letterato ed erudito era ampiamente diffusa e riconosciuta in ambito nazionale. Ed è per questo motivo che, nel 1349, Jacopo II da Carrara, signore di Padova, lo invitò per un soggiorno in città accogliendolo con tutti gli onori. La signoria carrarese si apprestava, infatti, a dare l’avvio, sia pure con alterne vicende, alla fase di massima affermazione in campo politico-militare. E per accrescere il proprio prestigio puntava ad attrarre nei propri domini un alto numero di artisti, giuristi e letterati offrendo loro benefici e incarichi, in particolare nell’attività di docenza nel già prestigioso ateneo patavino. Questo primo soggiorno padovano segnerà l’inizio di un rapporto di stima e amicizia fra il Petrarca e Jacopo II e poi con il di lui figlio Francesco I detto il Vecchio. Il poeta aretino soggiornerà in vari periodi a Padova, sempre su invito dei due citati signori, inizialmente dimorando in un’ampia (per l’epoca) casa a fianco della basilica del Duomo. (L’edificio, sia pure con consistenti modifiche avvenute nel corso dei secoli, è ancora esistente e corrisponde al civico 26-28 di via Dietro Duomo). Divenuto più anziano il Petrarca deciderà di stabilirsi definitivamente sui colli Euganei. Francesco I gli aveva fatto dono di un terreno e di una casa, che il poeta provvide a ristrutturare, in località Arquà (oggi comune di Arquà Petrarca). Qui egli visse serenamente fino alla morte avvenuta nel 1374. L’aspirazione alla pace Tralasciando gli aspetti inerenti più prettamente la dimensione intima o personale ravvisabili nel suo pensiero e nelle sue opere, va rilevato come il Petrarca svolse anche una funzione che potremmo definire di “coscienza civile” nel proporre agli esponenti del potere politico dell’epoca - fossero essi imperatori o nobili oppure papi e vescovi ma anche esponenti di ceti più popolari come Cola di Rienzo - la sua visione di civiltà o società ideale(1). La ricerca, almeno in via di principio, di uno status di uomo di lettere autonomo e libero rispetto al potere politico, non gli impedì di interessarsi alle vicende concrete di un secolo complesso come fu il trecento italiano. Ciò significò anche qualche sorta di coinvolgimento in diverse situazioni di disputa o di conflitto per lo più in un’ottica di persuasione alla concordia e alla pacificazione. Eccolo quindi partecipare nel 1350 al Concilio di Padova, finalizzato, fra le altre cose, a fare cessare le ostilità tra il patriarca di Aquileia e il conte di Gorizia. Qualche anno dopo rivolge due esortazioni al doge di Venezia Andrea Dandolo per cercare di convincerlo a non intraprendere una nuova guerra con Genova. Ancora fra il 1356 e il 1368 fu mandato dai Visconti a partecipare a varie ambascerie di pace, non tanto per le sue capacità diplomatiche ma per la stima di cui godeva. Nel 1373, ormai anziano, accettò di accompagnare Francesco Novello da Carrara a Venezia per cercare - ma il tentativo fu vano nonostante il solenne discorso pronunciato dal poeta al gran Consiglio - di mitigare le durissime condizioni di pace imposte dai veneziani nei confronti della signoria carrarese. Possiamo affermare che anche il Petrarca come in precedenza Marsilio da Padova – senza tuttavia la riflessione organica del primo – abbia condiviso per l’Italia il sogno di una “pax imperialis”. Egli tuttavia, influenzato dal culto della “romanità”, fa appello alla comune identità nazionale affinché i signori e principi italiani mettano fine alle guerre fratricide - anche attraverso la rinuncia all’uso di truppe mercenarie straniere – per garantire una condizione di pace al paese. Questo auspicio alla pace, di carattere morale e politico, è l’oggetto della sua “canzone” più famosa dal titolo “Italia mia, benché ‘l parlar sia indarno” che si conclude con l’accorato appello “ I’ vo gridando: Pace, pace, pace”. 1)	Ad esempio sulle virtù e giuste politiche che un principe deve adottare per il buongoverno di un regno si veda del Petrarca dalla raccolta Seniles la Lettera I del Libro quattordicesimo intitolata “Al magnifico Francesco da Carrara Signore di Padova”."
"Palazzo Moroni";moroni_copertina;"Via del Municipio 1, Padova";45.407328;11.876810;"Così viene chiamato il Palazzo del Comune dal nome dell’architetto Andrea Moroni che a partire dal 1539 ne iniziò la costruzione. La facciata che dà su via VIII Febbraio è in realtà l’ala nuova del palazzo comunale, chiamata Moretti-Scarpari, costruita dopo la Prima Guerra Mondiale. Su di essa sono riportati i nomi di tutti i militari padovani caduti durante la Prima e la Seconda Guerra Mondiale: è un elenco di 1376 nomi. Attorno alla torretta centrale, molto in alto, immediatamente sotto la bronzea Vittoria alata a celebrazione della conclusione vittoriosa della Prima Guerra Mondiale (vedi scheda su Villa Giusti), sono collocate 4 statue in pietra di Aurisina: rappresentano la Guerra, la Pace, l’Assistenza e la Città di Padova. Sono opere dello scultore Salvatore Saponaro. Senza dubbio la collocazione ed il significato della statua della Pace (è la statua verso Sud) possono risultare lontani dal modo in cui intendiamo la pace oggi. Nel cortile, a cui si accede attraverso l’ingresso principale ad arco, sotto il portico sulla sinistra, è collocato un altro importante segno: il ricordo della tragedia del genocidio degli Armeni compiutosi in Turchia durante la Prima Guerra Mondiale a partire dal 1915. Anche il Comune di Padova ha voluto onorare il ricordo del primo genocidio del ‘900 collocando nel 2005 questo bassorilievo bronzeo, opera dello scultore armeno Movses Guloyan (1970-vivente). Il bassorilievo riporta i seguenti versi del poeta Daniel Varujan (1884-1915), che fu una delle prime vittime del genocidio: “Con la penna di canna cantai sangue / per libare a voi, vittime della spada”. Sono circa una ventina le famiglie di origine armena presenti in città, alcune delle quali sfuggite miracolosamente al massacro. Sullo scalone che porta dal cortile al Palazzo della Ragione all’altezza del primo piano è collocato un altro interessante bassorilievo bronzeo opera dello scultore Piero Perin (1924-2008): è in memoria di Giorgio Perlasca (Como 1910-Padova 1992). Singolare figura di Giusto del mondo, Perlasca, dopo aver aderito in modo convinto al fascismo ed avere partecipato come volontario dalla parte dei Franchisti alla Guerra civile spagnola, a Budapest, dove si trovava nel 1944-45, si impegnò nel salvataggio di migliaia di ebrei ungheresi dalla deportazione nei campi di sterminio nazisti. Il suo nome è ricordato al Museo Yad Vashem di Gerusalemme come Giusto tra le Nazioni. A lui è dedicato un albero anche nel Giardino dei Giusti del Mondo (vedi scheda), creato a partire dal 2008 dal Comune di Padova."
"Villa Giusti";villa_giusti1;"Via Armistizio 277, località Mandria, Padova";45.371451;11.842935;"Villa Giusti è famosa perché il 3 novembre 1918 vi fu firmato l’armistizio che pose fine alla Prima Guerra Mondiale tra Italia e Austria-Ungheria. L’armistizio entrò in vigore il giorno successivo, 4 novembre, che segnò la fine effettiva delle ostilità tra i due stati. L’armistizio sanzionava la sconfitta dell’Austria-Ungheria che si arrese a tutte le dure condizioni imposte dagli Alleati. La sconfitta portò alla dissoluzione dell’impero multinazionale austroungarico, alla nascita di nuove entità nazionali e alla ridefinizione della carta politica europea. Fu la conclusione di una guerra terribile che solo all’Italia era costata 654.000 morti, 451.000 invalidi, 240.000 condannati dai tribunali militari. Il 4 novembre per l’Italia è diventato poi festa dell’Unità Nazionale e giornata delle Forze Armate. La Villa durante la guerra era stata la sede del Comando Supremo Italiano e aveva anche ospitato il Re Vittorio Emanuele III. È di proprietà della famiglia Lanfranchi. All’epoca il proprietario era il conte Vettor Giusti del Giardino che era stato sindaco di Padova dal 1890 al 1897, poi senatore (durante la monarchia sabauda i senatori erano di nomina regia e restavano in carica a vita). La sala dove fu firmato l’armistizio conserva l’arredamento originario dell’epoca e nella foto nella pagina precedente si vede il tavolo dove furono apposte le firme al trattato. L’aspetto attuale della Villa, che in precedenza si chiamava Villa Capodilista della Mandria, è frutto di un’importante ristrutturazione attuata nel 1875. La Villa è stata costruita su edifici di epoca precedente, tra cui una torre del Trecento. Interessante è anche il giardino di 7 ettari, per gli alberi secolari presenti e per la progettazione che unisce il bosco all’inglese ed il giardino italiano."
"Tempio Antoniano della Pace";tempio_pace;"Via Niccolò Tommaseo 47, Padova";45.415545;11.884972;"Situato nell’area del centro direzionale tra la stazione ferroviaria e la sede della Fiera, il Tempio rappresenta un luogo di raccoglimento e di ricordo: si può infatti definire il cimitero di guerra della città. La sua costruzione, iniziata nel 1920, viene terminata nel 1934 in epoca fascista. Progettata dall’architetto italo-armeno Antonio Zanivan, la chiesa, in mattoni a vista e pietra, rispecchia la cultura architettonica mitteleuropea, viennese in particolare, di inizio secolo. Riprende tuttavia anche la tradizione dei grandi ossari della prima guerra Mondiale di Asiago (VI) e Redipuglia (GO). Nelle pareti interne infatti sono stati posti i resti di 5401 soldati italiani, ammalati o feriti al fronte durante la prima guerra mondiale e poi deceduti negli ospedali di Padova e provincia. Nella cappella a destra dell’ingresso, una lapide ricopre i resti di 989 civili padovani periti nei bombardamenti della seconda guerra mondiale ad opera degli alleati: i loro nomi sono riportati sulle pareti. Altri 100 ignoti giacciono sotto un’altra lapide nella medesima cappella. Ogni anno si celebra una messa solenne in ricordo dei caduti civili di tutte le guerre. Dal 1996, prendendo spunto dal grido di Papa Giovanni Paolo II “Mai più la guerra”, vengono organizzate veglie di preghiera e di testimonianza per la Pace. Da qui spesso parte o transita la annuale marcia della Pace del 1° gennaio organizzata dalla diocesi cattolica cittadina. Vi si tengono pure incontri, conferenze e preghiere per approfondire itinerari e percorsi di pace. Il Tempio è sede di una piccola parrocchia abitata per un terzo da stranieri, che cerca di valorizzare le differenti culture e dunque le varie esperienze religiose presenti nel territorio. In particolare il giorno dell’Epifania si tiene la tradizionale “Festa delle Genti”, alla quale partecipano varie comunità religiose, italiane o straniere, presenti in città, mentre la “Rassegna di canti di Natale dal Mondo” raccoglie cori italiani, romeni, filippini, ucraini, africani, cinesi, cingalesi. E ciò in nome di un ecumenismo vissuto e di una pace condivisa."
"Padre Placido Cortese";placido_cortese;"Chiesa di S. Maria Assunta, Via Chiesanuova 90, Padova";45.416113;11.836412;"Nato Nicolò Matteo, il 7 marzo 1907, a Cherso, ora in Croazia, è ordinato sacerdote con il nome di Placido il 6 giugno 1930. Dopo tre anni trascorsi a Padova, presso la Basilica di S. Antonio, è trasferito a Milano per poi tornare definitivamente a Padova, nel 1937, quale direttore del mensile “Il Messaggero di S. Antonio”. Arrestato dalle SS l’8 ottobre 1944, trasferito nella sede della Gestapo in Piazza Oberdan a Trieste, muore nel mese di novembre successivo per le torture subite. Il ruolo di Padre Cortese nell’aiuto ai perseguitati dal nazifascismo Padre Cortese fu chiamato inizialmente a sostenere spiritualmente e materialmente i prigionieri sloveni e croati rinchiusi nel campo di concentramento a Chiesanuova (negli spazi dell’attuale Caserma Romagnoli), nella periferia di Padova. In seguito all’armistizio dell’8 settembre 1943, si rese necessario organizzare una struttura in grado di aiutare ebrei e altri perseguitati dal regime nazifascista a lasciare l’Italia e a raggiungere la Svizzera. Padre Cortese entrò a far parte di quest’organizzazione chiamata FRA-MA, fondata dal professor Ezio Franceschini dell’Università Cattolica di Milano e da Concetto Marchesi, rettore dell’Università di Padova (vedi scheda relativa). Padre Cortese si distinse subito per il suo impegno volto ad agevolare la fuga di ebrei, esuli cecoslovacchi, ex prigionieri alleati. Tra i vari compiti affidati a Placido Cortese, vi era quello di procurare le fotografie necessarie per i documenti falsi che avrebbero accompagnato le persone nel loro viaggio verso la Svizzera. Padre Cortese utilizzava a questo scopo le foto degli ex- voto che i fedeli lasciavano sulla tomba di S. Antonio, cercando quelle che raffigurassero persone che potevano in qualche modo somigliare a coloro cui i documenti falsi sarebbero stati affidati. Più volte avvertito della necessità di trasferirsi in un altro convento perché ricercato, preferì rimanere e continuare la sua opera fino al giorno del suo arresto, avvenuto con l’inganno, da parte di due infiltrati. Il processo di beatificazione è iniziato nel 2002 e si è concluso nel 2003; gli atti sono ora depositati a Roma. Il 7 giugno 2017 a padre Cortese è stata conferita la medaglia d’oro al valor civile consegnata poi il 16 febbraio 2018 dal Presidente della Repubblica Sergio Mattarella ai frati della Basilica del Santo. Nella foto a destra il cippo, ora posto vicino alla Chiesa di S. Maria Assunta a Chiesanuova (PD)."
"Padre Mariano Girotto";girotto;"Chiesa di S. Francesco, Via S. Francesco 118, Padova Piazzetta Padre Mariano Girotto";45.405340;11.880667;"Nato Arturo, il 22 gennaio 1897, a “La Stortola”, ora S. Cosma, frazione di Monselice (PD), da Antonio Girotto e Angela Alberti, ultimogenito di undici figli, è ordinato sacerdote con il nome di Mariano il 30 luglio 1922. Il 1° dicembre 1935 assume ufficialmente l’incarico di Parroco presso la Chiesa di S. Francesco a Padova, che manterrà fino al 1972. Il ruolo di Padre Mariano nella resistenza al nazifascismo Per un tragico scherzo del destino, la chiesa di S. Francesco a Padova si trova proprio vicino a Palazzo Giusti dove si insediò, dall’ottobre 1944 fino all’aprile 1945, la cosiddetta Banda Carità, dal nome del Maggiore Mario Carità, comandante del Reparto Servizi Speciali, aggregato alle SS tedesche. Tale palazzo divenne un luogo di prigionia e di torture per i partigiani o simpatizzanti, da cui poi tali sventurati uscivano solo per affrontare la fucilazione o il viaggio verso i campi di prigionia. Padre Mariano, antifascista da sempre, ma fino a quel momento restio a lasciarsi coinvolgere nella lotta dei partigiani, si trovò, con l’arrivo della Banda Carità nella stessa strada dove svolgeva il suo ruolo di religioso, a intraprendere una serie di iniziative che, anche se non rivolte direttamente a combattere i nazifascisti, furono di grande sostegno alla lotta dei partigiani, non solo dal punto di vista morale, ma anche logistico e materiale. Dall’accoglienza dei capi partigiani negli ambienti della Parrocchia all’apertura di contatti con i prigionieri di Palazzo Giusti, dall’assistenza, con la fornitura del vitto quotidiano, alle persone ricercate dai nazifascisti, alla visita e al conforto delle persone nascoste o evase dal carcere o ai renitenti alla leva fascista, l’attività di Padre Mariano si caratterizzò per un impegno totale fatto di carità e di compassione, ma anche di azioni rischiose e audaci. Fra tali azioni vi fu l’installazione, in un angolo del convento, di una radio trasmittente per dare notizie e informazioni ai partigiani e l’organizzazione di un ingegnoso sistema di comunicazione con i prigionieri di Palazzo Giusti che permise di prevenire molti altri arresti. Nascose inoltre molte famiglie ebree e aiutò alcune di esse anche con proprio denaro, permettendo la loro fuga all’estero. La targa nella foto in basso è posta sulla facciata dell’edificio che ospitava la Banda Carità.  Padre Mariano e la sua attività dopo la resa dei fascisti Dopo la fuga dei tedeschi da Padova, il 28 aprile 1945, Padre Mariano si dedicò a salvare e a nascondere alcuni fascisti non criminali, sottraendoli alle esecuzioni sommarie dei partigiani. Padre Mariano nascose per due mesi, nel suo ufficio parrocchiale, un membro della stessa Banda Carità, che non si era reso colpevole di crimini efferati, consegnandolo poi alle autorità americane. Nascose nel convento per mesi, sottraendolo a una sicura vendetta, anche un noto fascista, il quale, per riconoscenza, regalò successivamente al padre una propria villa, a Saccolongo (PD), poi adibita a casa di riposo per i frati anziani."
"Tempio dell’Internato Ignoto e Museo dell’Internamento";internato;"Viale dell’Internato Ignoto, Zona Terranegra, Padova Est";45.395455;11.908432;"Consacrato sacerdote nel 1933, Don Giovanni Fortin nel 1938 diventa parroco della comunità di Terranegra (Padova). Nel dicembre del 1943, su richiesta di un altro sacerdote, don Antonio Varotto, dà asilo in parrocchia a una dozzina di prigionieri inglesi in fuga. Alcuni fascisti, che si fingono partigiani, vengono a conoscenza del fatto e Don Fortin viene arrestato e condannato a morte anche a causa del suo rifiuto a collaborare. Rimane in carcere a Venezia fino a febbraio 1944 quando viene deportato nel lager di Dachau. Sopravvive e nel giugno del 1945 ritorna alla sua comunità di Terranegra. Si adopera per la costruzione della nuova chiesa parrocchiale che, su suo desiderio, viene dedicata ai circa 70.000 militari italiani periti nei campi di concentramento (Tempio dell’Internato Ignoto). Sempre su sua iniziativa viene poi realizzato un Museo dell’Internamento per offrire una conoscenza più approfondita su una delle pagine più buie della storia recente. Nel 1964 viene insignito della medaglia d’oro per la sua opera di soccorso di tutte le vittime di guerra. Il Tempio dell’Internato Ignoto Si giunge al Tempio (Chiesa parrocchiale di S. Gaetano) percorrendo il Viale dell’Internato Ignoto, caratterizzato dalla presenza, sui due lati, di 27 cippi di trachite. Questi cippi riportano i nomi di alcuni campi di concentramento nazisti mentre quelli antistanti la chiesa ricordano alcune delle loro vittime. Nel pronao della chiesa si trovano le lapidi di internati e due sacelli a destra e a sinistra. Nel primo riposano le spoglie di Don Giovanni Fortin. All’interno della chiesa si trovano lapidi e salme di alcuni degli internati deceduti. Da ricordare la presenza di due quadri raffiguranti San Massimiliano Kolbe e Santa Edith Stein, come pure un “altare” dedicato alla figura di Mafalda di Savoia, deceduta nel campo di concentramento di Buchenwald. Il Museo dell’Internamento Si trova sul lato destro della Chiesa. Nei pressi dell’entrata tre opere in rame sbalzato (opera dell’artista rom Loris Levak, a ricordo dei 500.000 rom e sinti deceduti nei campi di concentramento nazisti) esprimono in forma artistica la condanna della barbarie dei campi di sterminio e la pietà per le loro vittime, introducendo il visitatore al senso del museo. Il museo è costituito da alcune sale tematiche: •	la Sala della Storia ricorda attraverso pannelli e altri oggetti d’epoca le vicende che portarono alla presa del potere da parte del movimento fascista, la progressiva persecuzione degli ebrei, lo scoppio della guerra con la costruzione dei campi di sterminio e i moti di ribellione e resistenza della popolazione che culminarono nella Liberazione; •	la Sala della Memoria contiene foto e oggetti che testimoniano in tutta la loro tragicità la “vita” degli internati nei lager. In un tempietto laterale sono conservate le ceneri prelevate da quattro campi di sterminio: Dachau, Mauthausen, Buchenwald, Belsen. Va anche sottolineato come il museo sia dotato di una biblioteca/ mediateca e di un’ampia sala per conferenze. In quest’ultima di regola vengono effettuate delle proiezioni introduttive alle visite di gruppo. Il Museo e il Tempio hanno la funzione di mantenere viva la memoria sulla moltitudine di italiani (militari e civili) che persero la vita nei campi di concentramento nazisti. Essi rappresentano dunque un messaggio di condanna di ogni forma di sopraffazione dell’uomo sui suoi simili e un auspicio per il superamento delle guerre e la costruzione della riconciliazione e della pace. Per il perseguimento di tali finalità l’Associazione Nazionale Ex Internati (A.N.E.I.), che gestisce attualmente il museo, promuove visite guidate, rivolte soprattutto ai giovani, ma pure conferenze e convegni scientifici su questi temi."
"Mario Todesco";todesco;"Via Emanuele Filiberto 30, Padova";45.409597;11.876352;"Nato a Solagna (VI) il 15 agosto 1908, si laureò in Lettere a Padova nel 1931. Insegnò prima presso il liceo Marco Foscarini di Venezia e poi, dal 1942 al 1944, presso il liceo Tito Livio di Padova. Arrestato dalle Brigate Nere il 27 giugno 1944, fu trovato ucciso due giorni dopo in via Emanuele Filiberto a Padova. L’impegno di Todesco contro il fascismo e a favore della lotta dei partigiani L’attuazione, nel 1938, del Regio Decreto 1390, che allontanava dalla scuola italiana i docenti e gli alunni ebrei, rafforzò in Todesco il sentimento antifascista che tre anni più tardi lo condusse all’organizzazione della lotta al fascismo nel mondo della scuola e dell’università. Dopo il 25 luglio 1943 il suo impegno diventò più intenso e anche più pericoloso. Iniziò a collaborare sia con il gruppo universitario organizzato da Concetto Marchesi ed Egidio Meneghetti, sia con il Partito d’Azione e anche con il primo nucleo del Comitato di Liberazione Nazionale che si era costituito a Padova. Si espose poi in prima persona facendo della propria abitazione un centro di raccolta di armi, medicinali e altro materiale che, tramite i propri parenti a Solagna, faceva poi giungere ai partigiani. Grazie all’amicizia e alla collaborazione di alcuni dipendenti delle ferrovie, riuscì anche a garantire l’espatrio di alcuni ex-prigionieri alleati e di ebrei perseguitati dai fascisti. In alcune occasioni, oltre a fornire ai fuggiaschi i documenti falsi, accompagnò gli stessi fino a Chioggia (VE), da dove essi si imbarcavano con destinazione l’Italia meridionale, o fino a Milano, per chi decideva di fuggire in Svizzera. Arrestato una prima volta il 29 novembre 1943 e liberato il 13 marzo 1944, invece di rifugiarsi nella clandestinità, tornò alla vita di sempre e a svolgere la propria attività di insegnante, esponendosi così al rischio di un nuovo arresto, cosa che in effetti avvenne pochi mesi più tardi con gli esiti tragici riportati sopra. A Todesco è stata conferita nel 2008 la Medaglia d’oro al Merito Civile; a lui è anche intitolata una scuola media in città. In via Emanuele Filiberto, foto sopra, è collocata la lapide che ricorda tale avvenimento."
"Sorelle Martini";sorelle_martini;"Casa Martini, Via G. Galilei 18 (di fronte alla casa di Galileo), Padova";45.403775;11.881711;"Le quattro sorelle Martini (Teresa, Lidia, Renata e Carla Liliana) collaborano con Padre Placido Cortese (vedi scheda) nella “catena della salvezza” a favore di prigionieri sudafricani, neozelandesi e inglesi fuggiti dal campo di internamento di Chiesanuova (PD) dopo l’8 settembre del 1943. Nonostante appartengano ad una numerosa famiglia, di 12 fratelli, ospitano temporaneamente nella grande casa i prigionieri, procurano loro abiti civili, smistano i documenti di identità italiani contraffatti da P. Cortese nella tipografia del “Messaggero”. Poi li accompagnano in treno sino ad Oggiono, in provincia di Como, dove vengono presi in consegna da contrabbandieri che, sotto compenso, li accompagnano oltre il confine con la Svizzera e li consegnano ad Armando Romani, ex ufficiale fuggito da Padova, che coordina i salvataggi. Teresa e Carla Liliana, insieme ad altre donne padovane e di Saonara (PD) che nascondevano i fuggitivi nelle proprie case, vengono arrestate il 14 marzo del 1944 e portate nei campi di concentramento di Mauthausen, Linz e Grein. Lidia viene presa in un secondo momento ed incarcerata a Venezia, mentre Renata, miracolosamente scampata alla cattura nazifascista, resta coi genitori. Le quattro sorelle si ricongiungeranno in famiglia nel giugno del 1945. I loro nomi sono incisi, nella lapide di P. Cortese, nel “Giardino dei Giusti” a Terranegra. Il 25 settembre 2017 è scomparsa anche Carla Liliana Martini, l’ultima delle sorelle ancora in vita. DIDASCALIA FOTO Scorcio di via Galilei"
"Silvio Barbato";barbato;"Piazza Barbato,Ponte di Brenta (Padova)";45.425295;11.946258;"Nato il 12 febbraio 1880 a Ponte di Brenta (PD), impiegato alla società Veneta Ferrovie, socialista riformista, negli ultimi anni della sua vita abbandonò la scena politica a causa di una grave menomazione uditiva. Venne assassinato l’11 giugno 1944 davanti alla caserma delle Brigate Nere di Ponte di Brenta, pare come rappresaglia (in modo analogo all’antifascista Enrico Zanella, ucciso lo stesso giorno di Barbato, a Vigonza, in provincia di Padova) per l’omicidio del segretario del partito fascista Giuseppe Begon ad opera dei Gruppi di Azione Patriottica. La figura di Barbato e il suo impegno per gli ideali di nonviolenza e giustizia L’impegno di Barbato durante la sua attività politica e sindacale fu sempre rivolto a far ottenere libertà e dignità alle classi sociali più disagiate. Per raggiungere tali scopi egli auspicava che il popolo prendesse coscienza dei propri diritti e raggiungesse il potere politico attraverso libere elezioni. Barbato riuscì anche a ottenere alcune conquiste per la categoria impiegatizia di Padova e Provincia tra le quali il “Concordato per l’equo trattamento”. Rispetto al fascismo assunse una posizione coerente con i propri principi, ma senza giungere a sfidarne il potere e non partecipò mai a cospirazioni o altre iniziative violente. Riteneva, infatti, che la violenza, oltre che barbara e incivile, fosse anche controproducente, perché porta alla conquista di un potere che non può essere duraturo, in quanto si regge solo grazie alla brutalità dei propri metodi. Nella foto sopra: Piazza Barbato a Ponte di Brenta (PD); qui a lato particolare della targa commemorativa. “Preferisco morire che usare violenza verso chicchessia o peggio uccidere!” Silvio Barbato"
"Concetto Marchesi";marchesi;"Università di Padova,Via VIII Febbraio 2, Padova";45.406849;11.877543;"Nato a Catania il 1° febbraio 1878, si laureò in Lettere a Firenze nel 1899 e poi in Giurisprudenza a Messina nel 1923. Da tale città si trasferì nello stesso anno a Padova per insegnare Latino medievale presso la locale Università, di cui poi divenne Rettore il 7 settembre 1943. Nel 1946 fu eletto nell’Assemblea Costituente e partecipò alla stesura della Costituzione italiana. Deputato nazionale nelle file del Partito Comunista dal 1948, morì a Roma il 12 febbraio 1957. Il ruolo di Concetto Marchesi nella lotta al nazifascismo Nel maggio del 1943 incontrò clandestinamente, insieme con altri antifascisti, il generale Cadorna, per capire quale avrebbe potuto essere l’atteggiamento dell’esercito in caso di eventuali iniziative contro il regime. Pochi giorni dopo essersi insediato a Padova nel suo ruolo di Rettore dell’università, il 10 settembre 1943, costituì, insieme al pro-rettore Egidio Meneghetti e a Silvio Trentin, il Comitato di Liberazione Nazionale veneto. Già durante il suo discorso d’insediamento, di fronte al ministro fascista dell’educazione Biggini, aveva allontanato con modi decisi una trentina di fascisti in divisa che davano dei vigliacchi e imboscati agli studenti presenti, ma in seguito si scontrò direttamente anche con il comandante tedesco della piazza di Padova, von Frankenberg. Costui pretendeva di far installare una stazione radio nella torre dell’istituto di Fisica Sperimentale, ma a questa richiesta Marchesi si oppose decisamente. Il comandante tedesco, già ostile a Marchesi per questa vicenda, lo ritenne responsabile dei sempre più frequenti scontri avvenuti tra gli studenti e la milizia repubblichina e chiese al Prefetto di Padova, Primo Fumei, di intervenire. Marchesi venne a sapere che rischiava l’arresto e decise di entrare in clandestinità. Il 29 novembre scrisse la propria lettera di dimissioni al ministro Biggini e il famoso appello, post- datato al 1° dicembre, agli studenti di Padova. Tale appello, diffuso il 5 dicembre, in cui, oltre a criticare la classe politica, invitava i giovani all’insurrezione contro il fascismo, ebbe grande risonanza, prima in Italia e poi all’estero, diffuso sia in Svizzera sia attraverso Radio Londra. Marchesi nel frattempo si spostò prima a Milano e poi in altre città e quindi nel febbraio del 1944 attraversò il confine con la Svizzera. In tale paese costituì un nucleo dell’organizzazione clandestina FRA-MA (Franceschini-Marchesi) collegata al CLN veneto e al Partito d’azione e mantenne rapporti con i servizi di informazione alleati. Da aprile a novembre del 1944 fu a capo di una nuova via di rifornimenti per i partigiani che combattevano nel Nord-Italia. Nella pagina precedente: targa del Monumento alla Resistenza nel cortile nuovo del Bò."
"Il Giardino dei Giusti del mondo";giusti_esterno;"Via Egidio Forcellini, Padova. Di fronte al Viale dell’Internato Ignoto ";45.394728;11.910737;"Di fronte al Tempio dell’Internato Ignoto e al Museo dell’Internamento salendo verso la sommità arginale del canale S. Gregorio si può incontrare un giardino particolare, dall’alta valenza simbolica. È il “Giardino dei Giusti del Mondo”, introdotto, alla destra, da un muro sul quale campeggia la frase di Hannah Arendt “Si può sempre dire un sì o un no” e da alcune sculture di Elio Armano. Il suo scopo di fondo è quello di “far emergere il concetto di giusto come concetto universale, indipendentemente dal particolare contesto storico e geografico, e di rendere omaggio a coloro che si sono opposti ai crimini contro l’umanità perpetrati a partire dal XX secolo” (Giuliano Pisani). Esso è dunque dedicato a tutte quelle persone, spesso poco conosciute, che in situazioni estreme (genocidi e guerre civili, ecc.) hanno rischiato la propria vita per salvare quella degli altri. Attualmente sono ricordati i “Giusti” che hanno operato in quattro genocidi (Armenia, Shoah, Ruanda e Bosnia) attraverso una stele che riporta il loro nome e un albero, simbolo di vita, piantato in loro onore. Fra di loro ricordiamo, poiché legati in qualche modo alla città di Padova, i coniugi Giovanni e Regina Bettin, padre Placido Cortese, Giorgio Perlasca e padre Marco Antonio Pressino. Il progetto, avviato su iniziativa di Giuliano Pisani, è stato ufficialmente inaugurato nel 2008 e si ricollega agli analoghi progetti avviati in diversi altri paesi. Un Comitato scientifico ha il compito di valutare quali nuovi nominativi di “Giusti” possono essere aggiunti e soprintende alle diverse iniziative di riflessione su questi temi rivolte alla società tutta, ma in particolare ai giovani. La relativa documentazione è consultabile presso gli uffici del Comune di Padova. Altre lapidi e piante vengono poste ogni anno lungo l’argine ora denominato “Cammino dei Giusti” e nel Comune di Noventa Padovana (PD) con un percorso che in futuro, lungo il Brenta, arriverà fino al mare."
"Centro di Ateneo per i Diritti Umani “Antonio Papisca” - Università di Padova";centro_umani;"Via Martiri della Libertà 2, Padova";45.410216;11.875985;"L’attuale “Centro di Ateneo per i Diritti Umani Antonio Papisca” è nato nel 1982 all’interno della Facoltà di Scienze Politiche dell’Università di Padova. Il creatore ed il primo direttore del Centro è stato il Prof. Antonio Papisca. Attualmente aderiscono al Centro 4 Dipartimenti universitari. Il Centro ha lo scopo di: •	costruire il “sapere” interdisciplinare dei diritti umani (delle persone e dei popoli); •	informare diffusamente circa i contenuti, teorici e applicativi, di questo sapere; •	educare perché il sapere dei diritti umani operi fertilmente nella vita sociale e politica. Il Centro è riconosciuto come Cattedra UNESCO “Diritti umani, democrazia e pace” ed anche come Centro Europeo di Eccellenza Jean Monnet. Il Centro gestisce il Master Europeo in Diritti Umani e Democratizzazione, la borsa di studio sul tema “Difesa civica e diritti dei cittadini”, nell’ambito della Convenzione con l’Ufficio del Difensore civico della Regione del Veneto, e la Borsa di studio sul tema “Affidamento ai servizi sociali da parte dell’Autorità giudiziaria”, nell’ambito della Convenzione con l’Ufficio del Pubblico Tutore della Regione del Veneto. Ospita inoltre l’importante Archivio Regionale “Pace diritti umani - Peace human rights”, che ha le funzioni di raccolta, elaborazione e messa a disposizione del pubblico di documenti, database tematici e risorse informative. Il Centro pubblica la rivista “Pace diritti umani - Peace human rights” e la collana “Quaderni. Ricerca e documentazione interdisciplinare sui diritti umani”. Innumerevoli sono le pubblicazioni scientifiche prodotte in oltre 30 anni dal Centro che si propone come uno dei poli universitari più qualificati in Italia e in Europa nella ricerca e nella divulgazione delle tematiche relative ai diritti umani."
